#Variants,#Deleterious,#Neutral,SimilarityThreshold,#DeleteriousVariantsInSimilarProteins,%DeleteriousVariantsInSimilarProteins,#NeutralVariantsInSimilarProteins,%NeutralVariantsInSimilarProteins,#DeleteriousVariantsTestable,%DeleteriousVariantsTestable,#NeutralVariantsTestable,%NeutralVariantsTestable
17143 10452 6691 100 8584 0.821278224263 3813 0.569869974593 1868 0.178721775737 2878 0.430130025407
17143 10452 6691 90 10221 0.977898966705 4708 0.703631744134 231 0.0221010332951 1983 0.296368255866
17143 10452 6691 80 10265 0.982108687333 4771 0.713047377074 187 0.0178913126674 1920 0.286952622926
17143 10452 6691 70 10275 0.983065442021 4855 0.725601554327 177 0.0169345579793 1836 0.274398445673
17143 10452 6691 60 10280 0.983543819365 5031 0.751905544762 172 0.0164561806353 1660 0.248094455238
17143 10452 6691 50 10299 0.985361653272 5267 0.787176804663 153 0.0146383467279 1424 0.212823195337
17143 10452 6691 40 10332 0.988518943743 5597 0.836496786728 120 0.0114810562572 1094 0.163503213272
17143 10452 6691 30 10363 0.991484883276 5944 0.888357495143 89 0.00851511672407 747 0.111642504857
