#Variants,#Deleterious,#Neutral,SimilarityThreshold,#DeleteriousVariantsInSimilarProteins,%DeleteriousVariantsInSimilarProteins,#NeutralVariantsInSimilarProteins,%NeutralVariantsInSimilarProteins,#DeleteriousVariantsTestable,%DeleteriousVariantsTestable,#NeutralVariantsTestable,%NeutralVariantsTestable
12729 4526 8203 100 2745 0.606495802033 4562 0.556137998293 1781 0.393504197967 3641 0.443862001707
12729 4526 8203 90 3363 0.743040212108 5753 0.701328782153 1163 0.256959787892 2450 0.298671217847
12729 4526 8203 80 3428 0.757401679187 6155 0.750335243204 1098 0.242598320813 2048 0.249664756796
12729 4526 8203 70 3516 0.776844896156 6341 0.773009874436 1010 0.223155103844 1862 0.226990125564
12729 4526 8203 60 3644 0.805125939019 6546 0.79800073144 882 0.194874060981 1657 0.20199926856
12729 4526 8203 50 3791 0.837604949183 6794 0.828233573083 735 0.162395050817 1409 0.171766426917
12729 4526 8203 40 3955 0.873840035351 7138 0.870169450201 571 0.126159964649 1065 0.129830549799
12729 4526 8203 30 4088 0.903225806452 7496 0.913812019993 438 0.0967741935484 707 0.0861879800073
