#Variants,#Deleterious,#Neutral,SimilarityThreshold,#DeleteriousVariantsInSimilarProteins,%DeleteriousVariantsInSimilarProteins,#NeutralVariantsInSimilarProteins,%NeutralVariantsInSimilarProteins,#DeleteriousVariantsTestable,%DeleteriousVariantsTestable,#NeutralVariantsTestable,%NeutralVariantsTestable
10266 4309 5957 100 3929 0.911812485495 4026 0.675843545409 380 0.0881875145045 1931 0.324156454591
10266 4309 5957 90 4241 0.984219076352 4207 0.706227967098 68 0.0157809236482 1750 0.293772032902
10266 4309 5957 80 4248 0.985843583198 4255 0.714285714286 61 0.014156416802 1702 0.285714285714
10266 4309 5957 70 4255 0.987468090044 4333 0.727379553467 54 0.0125319099559 1624 0.272620446533
10266 4309 5957 60 4261 0.988860524484 4482 0.752392143696 48 0.0111394755164 1475 0.247607856304
10266 4309 5957 50 4276 0.992341610583 4704 0.789659224442 33 0.0076583894175 1253 0.210340775558
10266 4309 5957 40 4283 0.993966117429 4976 0.835319791842 26 0.00603388257136 981 0.164680208158
10266 4309 5957 30 4289 0.995358551868 5306 0.89071680376 20 0.00464144813182 651 0.10928319624
